{
  "lang":"en",
  "name":"pipeline",
  "version":"0.0.0",
  "spacy_version":">=3.4.3,<3.5.0",
  "description":"",
  "author":"",
  "email":"",
  "url":"",
  "license":"",
  "spacy_git_version":"Unknown",
  "vectors":{
    "width":0,
    "vectors":0,
    "keys":0,
    "name":null,
    "mode":"default"
  },
  "labels":{
    "tok2vec":[

    ],
    "ner":[
      "CASE_NUMBER",
      "COURT",
      "DATE",
      "GPE",
      "JUDGE",
      "LAWYER",
      "ORG",
      "OTHER_PERSON",
      "PETITIONER",
      "PRECEDENT",
      "PROVISION",
      "RESPONDENT",
      "STATUTE",
      "WITNESS"
    ]
  },
  "pipeline":[
    "tok2vec",
    "ner"
  ],
  "components":[
    "tok2vec",
    "ner"
  ],
  "disabled":[

  ],
  "performance":{
    "ents_f":0.9302737278,
    "ents_p":0.9310667603,
    "ents_r":0.9294820451,
    "ents_per_type":{
      "ORG":{
        "p":0.8856942496,
        "r":0.8764746704,
        "f":0.8810603418
      },
      "OTHER_PERSON":{
        "p":0.9370441459,
        "r":0.9200904636,
        "f":0.9284899201
      },
      "WITNESS":{
        "p":0.9429874572,
        "r":0.9387060159,
        "f":0.9408418658
      },
      "GPE":{
        "p":0.9208791209,
        "r":0.8991416309,
        "f":0.9098805646
      },
      "STATUTE":{
        "p":0.9450788472,
        "r":0.9634146341,
        "f":0.9541586604
      },
      "DATE":{
        "p":0.9751059322,
        "r":0.9766578249,
        "f":0.9758812616
      },
      "PROVISION":{
        "p":0.9405450041,
        "r":0.9555369128,
        "f":0.9479816896
      },
      "COURT":{
        "p":0.9467281879,
        "r":0.9535276722,
        "f":0.9501157651
      },
      "PRECEDENT":{
        "p":0.9019607843,
        "r":0.8512213175,
        "f":0.8758568165
      },
      "CASE_NUMBER":{
        "p":0.8603603604,
        "r":0.9182692308,
        "f":0.888372093
      },
      "PETITIONER":{
        "p":0.9293785311,
        "r":0.8578878748,
        "f":0.8922033898
      },
      "JUDGE":{
        "p":0.9762316335,
        "r":0.9716129032,
        "f":0.9739167924
      },
      "RESPONDENT":{
        "p":0.8775407779,
        "r":0.9054893837,
        "f":0.8912960367
      },
      "LAWYER":{
        "p":0.962406015,
        "r":0.9860199715,
        "f":0.9740698985
      }
    },
    "tok2vec_loss":8790.4696351838,
    "ner_loss":1651.3324556054
  }
}