{
  "lang":"en",
  "name":"pipeline",
  "version":"0.0.0",
  "spacy_version":">=3.4.3,<3.5.0",
  "description":"",
  "author":"",
  "email":"",
  "url":"",
  "license":"",
  "spacy_git_version":"Unknown",
  "vectors":{
    "width":0,
    "vectors":0,
    "keys":0,
    "name":null,
    "mode":"default"
  },
  "labels":{
    "tok2vec":[

    ],
    "ner":[
      "CASE_NUMBER",
      "COURT",
      "DATE",
      "GPE",
      "JUDGE",
      "LAWYER",
      "ORG",
      "OTHER_PERSON",
      "PETITIONER",
      "PRECEDENT",
      "PROVISION",
      "RESPONDENT",
      "STATUTE",
      "WITNESS"
    ]
  },
  "pipeline":[
    "tok2vec",
    "ner"
  ],
  "components":[
    "tok2vec",
    "ner"
  ],
  "disabled":[

  ],
  "performance":{
    "ents_f":0.9297738651,
    "ents_p":0.9361594154,
    "ents_r":0.9234748365,
    "ents_per_type":{
      "ORG":{
        "p":0.8866714184,
        "r":0.8632893824,
        "f":0.8748241913
      },
      "OTHER_PERSON":{
        "p":0.9236499069,
        "r":0.9347908029,
        "f":0.9291869614
      },
      "WITNESS":{
        "p":0.9632265718,
        "r":0.9216799092,
        "f":0.9419953596
      },
      "GPE":{
        "p":0.9216691069,
        "r":0.9005722461,
        "f":0.9109985528
      },
      "STATUTE":{
        "p":0.962665135,
        "r":0.9290465632,
        "f":0.9455571227
      },
      "DATE":{
        "p":0.9841269841,
        "r":0.9538461538,
        "f":0.96875
      },
      "PROVISION":{
        "p":0.968844656,
        "r":0.9391778523,
        "f":0.9537806177
      },
      "COURT":{
        "p":0.9698848539,
        "r":0.9252217997,
        "f":0.947027027
      },
      "PRECEDENT":{
        "p":0.9,
        "r":0.8393782383,
        "f":0.8686327078
      },
      "CASE_NUMBER":{
        "p":0.888465205,
        "r":0.8961538462,
        "f":0.8922929631
      },
      "PETITIONER":{
        "p":0.8822963438,
        "r":0.8966753585,
        "f":0.8894277401
      },
      "JUDGE":{
        "p":0.9705002138,
        "r":0.976344086,
        "f":0.9734133791
      },
      "RESPONDENT":{
        "p":0.9036685141,
        "r":0.8865872605,
        "f":0.8950463992
      },
      "LAWYER":{
        "p":0.9700196133,
        "r":0.9877318117,
        "f":0.9787955895
      }
    },
    "tok2vec_loss":7538.704147227,
    "ner_loss":1389.5406584607
  }
}